Pedido,Fecha de compra,Fecha llegada,Tiempo en llegar,Fecha de venta,equipo,deporte,version,temporada,liga,Jugador,Talla,Proveedor,Costo,Costo de envio,Costo total,Venta,Ganancia,
1,6/12/2025,7/3/2025,21,7/15/2025,FC Barcelona,Futbol,Local,2025/2026,Europa,Sin nombre,M,Alibaba,10,5,15,26.87,11.87,
1,6/12/2025,7/3/2025,21,7/10/2025,Real Madrid,Futbol,Local,2025/2026,Europa,Sin nombre,M,Alibaba,10.5,6,16.5,26.87,10.37,
1,6/12/2025,7/3/2025,21,7/8/2025,FC Barcelona,Futbol,Local,2025/2026,Europa,Sin nombre,XL,Alibaba,10.5,6,16.5,29.55,13.05,
1,6/12/2025,7/3/2025,21,7/7/2025,Real Madrid,Futbol,Local,2025/2026,Europa,MBAPPE,L,Alibaba,10.5,6,16.5,37.6,21.1,
1,6/12/2025,7/3/2025,21,7/6/2025,FC Barcelona,Futbol,Local,2025/2026,Europa,MBAPPE,L,Alibaba,10.5,6,16.5,37.57,21.07,
1,6/12/2025,7/3/2025,21,7/5/2025,Real Madrid,Futbol,Local,2025/2026,Europa,MBAPPE,XL,Alibaba,10.5,6,16.5,32.2,15.7,
1,6/12/2025,7/3/2025,21,7/3/2025,FC Barcelona,Futbol,Local,2025/2026,Europa,MBAPPE,L,Alibaba,11,6,17,48.19,31.19,
1,6/12/2025,7/3/2025,21,7/3/2025,FC Barcelona,Futbol,Local,2025/2026,Europa,MBAPPE,L,Alibaba,11,6,17,48.19,31.19,
1,6/12/2025,7/3/2025,21,7/3/2025,Real Madrid,Futbol,Local,2025/2026,Europa,MBAPPE,L,Alibaba,10.5,6,16.5,40,23.5,
1,6/12/2025,7/3/2025,21,,Real Madrid,Futbol,Local,2025/2026,Europa,VINI JR,L,Alibaba,11,6,17,,-17,
2,7/2/2025,7/22/2025,20,11/6/2025,FC Barcelona,Futbol,Local,2025/2026,Europa,LAMINE YAMAL,L,Alibaba,11,6,17,29.58,12.58,
2,7/2/2025,7/22/2025,20,9/3/2025,FC Barcelona,Futbol,Local,2025/2026,Europa,LAMINE YAMAL,XL,Alibaba,11,6,17,32.2,15.2,
2,7/2/2025,7/22/2025,20,8/6/2025,FC Barcelona,Futbol,Local,2025/2026,Europa,LAMINE YAMAL,L,Alibaba,10.5,6,17,32.25,15.25,
2,7/2/2025,7/22/2025,20,8/4/2025,FC Barcelona,Futbol,Local,2025/2026,Europa,LAMINE YAMAL,L,Alibaba,10.5,6,16.5,32.25,15.75,
2,7/2/2025,7/22/2025,20,7/24/2025,FC Barcelona,Futbol,Local,2025/2026,Europa,LAMINE YAMAL,M,Alibaba,11,6,16.5,37.63,21.13,
3,7/11/2025,8/12/2025,32,12/1/2025,FC Barcelona,Futbol,Local,2025/2026,Europa,Pedri,L,Alibaba,9,5.92,16.42,30.05,13.63,
3,7/11/2025,8/12/2025,32,11/19/2025,Monterrey,Futbol,Especial,2025/2026,LigaMx,Sergio Ramos,XL,Alibaba,11,5.92,14.92,32.69,17.77,
3,7/11/2025,8/12/2025,32,11/10/2025,FC Barcelona,Futbol,Local,2025/2026,Europa,Sin nombre,S,Alibaba,8,5.92,17.92,32.52,14.6,
3,7/11/2025,8/12/2025,32,8/5/2025,Golden State Warriors,Futbol,Local,2025/2026,NBA,CURRY,XL,Alibaba,10.5,5.92,15.92,32.25,16.33,
3,7/11/2025,8/12/2025,32,10/12/2025,Real Madrid,Futbol,Local,2025/2026,Europa,VINI JR,XL,Alibaba,12,5.92,16.42,32.97,16.55,
3,7/11/2025,8/12/2025,32,10/1/2025,Cruz Azul,Futbol,Visitante,2025/2026,LigaMx,Sin nombre,M,Alibaba,9,5.92,14.92,27.22,12.3,
3,7/11/2025,8/12/2025,32,9/26/2025,Mexico,Futbol,Local,2025/2026,Selecciones,Sin nombre,L,Alibaba,9,5.92,14.92,26.75,11.83,
3,7/11/2025,8/3/2025,23,8/24/2025,FC Barcelona,Futbol,Local,2025/2026,Europa,Lamine Yamal,XS,Alibaba,9,5.92,13.92,26.78,12.86,
3,7/11/2025,8/3/2025,23,9/13/2025,FC Barcelona,Futbol,Local,2025/2026,Europa,Lamine Yamal,XS,Alibaba,11,5.92,16.92,24.4,7.48,
3,7/11/2025,8/12/2025,32,9/14/2025,FC Barcelona,Futbol,Local,2025/2026,Europa,Lamine Yamal,L,Alibaba,9,5.92,14.92,35.25,20.33,
3,7/11/2025,8/3/2025,23,10/6/2025,Real Madrid,Futbol,Local,2025/2026,Europa,MBAPPE,XS,Alibaba,11,5.92,17.92,24.46,6.54,
3,7/11/2025,8/12/2025,32,9/9/2025,PSG,Futbol,Local,2025/2026,Europa,Sin nombre,L,Alibaba,9,5.92,14.92,26.82,11.9,
3,7/11/2025,8/3/2025,23,10/13/2025,Chicago Bulls,NBA,Local,2025/2026,NBA,JORDAN,L,Alibaba,8,5.92,14.92,21.66,6.74,
3,7/11/2025,8/3/2025,23,10/13/2025,Golden State Warriors,Futbol,Local,2025/2026,NBA,CURRY,L,Alibaba,8,5.92,16.92,21.66,4.74,
3,7/11/2025,8/3/2025,23,10/13/2025,Los Angeles Lakers,NBA,Local,2025/2026,NBA,JAMES,XL,Alibaba,8,5.92,13.92,21.66,7.74,
3,7/11/2025,8/3/2025,23,10/19/2025,Inter Miami,Futbol,Local,2025/2026,Europa,MESSI,XS,Alibaba,10.65,5.92,16.42,21.67,5.25,
3,7/11/2025,8/3/2025,23,11/9/2025,Golden State Warriors,Futbol,Local,2025/2026,NBA,CURRY,M,Alibaba,8,5.92,17.92,21.68,3.76,
3,7/11/2025,8/12/2025,32,9/6/2025,AC Milan,Futbol,Local,2025/2026,Europa,GIMENEZ,L,Alibaba,11,5.92,16.92,34.88,17.96,
3,7/11/2025,8/12/2025,32,9/5/2025,Mexico,Futbol,Local,2025/2026,Selecciones,Sin nombre,XL,Alibaba,9,5.92,14.92,26.67,11.75,
3,7/11/2025,8/3/2025,23,12/8/2025,FC Barcelona,Futbol,Local,2025/2026,Europa,Lamine Yamal,XS,Alibaba,11,5.92,10.5,22,11.5,
3,7/11/2025,8/3/2025,23,,Inter Miami,Futbol,Local,2025/2026,Europa,MESSI,XS,Alibaba,9,5.92,13.92,,-13.92,
3,7/11/2025,8/12/2025,32,8/30/2025,Real Madrid,Futbol,Local,2025/2026,Europa,VINI JR,L,Alibaba,12,5.92,13.92,34.84,20.92,
3,7/11/2025,8/12/2025,32,8/21/2025,Real Madrid,Futbol,Local,2025/2026,Europa,MBAPPE,XL,Alibaba,10,5.92,13.92,19.54,5.62,
3,7/11/2025,8/12/2025,32,8/21/2025,Real Madrid,Futbol,Alternativa,2025/2026,Europa,MBAPPE,L,Alibaba,12,5.92,16.57,19.54,2.97,
3,7/11/2025,8/12/2025,32,8/21/2025,Real Madrid,Futbol,Local,2025/2026,Europa,MBAPPE,XL,Alibaba,12,5.92,13.92,19.54,5.62,
3,7/11/2025,8/12/2025,32,8/17/2025,Cruz Azul,Futbol,Local,2025/2026,LigaMx,Sin nombre,XL,Alibaba,8,5.92,16.92,24.14,7.22,
3,7/11/2025,8/12/2025,32,8/13/2025,America,Futbol,Local,2025/2026,LigaMx,HENRY,L,Alibaba,10.5,5.92,14.92,29.8,14.88,
3,7/11/2025,8/12/2025,32,8/13/2025,Inter Miami,Futbol,Local,2025/2026,Europa,Messi,M,Alibaba,10.5,5.92,16.92,37.67,20.75,
3,7/11/2025,8/12/2025,32,8/13/2025,America,Futbol,Local,2025/2026,LigaMx,HENRY,L,Alibaba,10.5,5.92,14.92,34.98,20.06,
3,7/11/2025,8/3/2025,23,8/8/2025,Chelsea,Futbol,Local,2025/2026,Europa,Cole Palmer,L,Alibaba,10.5,,17.92,29.62,11.7,
3,7/11/2025,8/12/2025,32,1/16/2026,FC Barcelona,Futbol,Local,2025/2026,Europa,Lewandowski,XL,Alibaba,9,5.92,16.42,22.71,6.29,
4,8/4/2025,8/24/2025,20,9/18/2025,FC Barcelona,Futbol,Local,2025/2026,Europa,Sin nombre,L,Alibaba,10.5,5.33,,32.29,32.29,
4,8/4/2025,8/24/2025,20,10/13/2025,FC Barcelona,Futbol,Visitante,2025/2026,Europa,Lamine Yamal,S,Alibaba,,,15.83,37.91,22.08,
4,8/4/2025,8/24/2025,20,9/6/2025,FC Barcelona,Futbol,Especial,2025/2026,Europa,Sin nombre,M,Alibaba,10.5,5.33,15.83,32.2,16.37,
4,8/4/2025,8/24/2025,20,8/27/2025,FC Barcelona,Futbol,Local,2025/2026,Europa,PEDRI,S,Alibaba,10.5,,10.5,34.07,23.57,
4,8/4/2025,8/24/2025,20,8/26/2025,FC Barcelona,Futbol,Local,2025/2026,Europa,Pedri,L,Alibaba,10.5,5.33,15.83,32.29,16.46,
4,8/4/2025,8/24/2025,20,8/26/2025,Real Madrid,Futbol,Local,2025/2026,Europa,MBAPPE,L,Alibaba,10.5,5,15.5,32.29,16.79,
5,8/18/2025,9/14/2025,27,11/13/2025,Cruz Azul,Futbol,Visitante,2025/2026,LigaMx,Sin nombre,L,Alibaba,10.5,4.11,15.11,27.3,12.19,
5,8/18/2025,9/8/2025,21,10/21/2025,Real Madrid,Futbol,Alternativa,2025/2026,Europa,MBAPPE,L,Alibaba,11,4.11,14.61,35.22,20.61,
5,8/18/2025,9/8/2025,21,10/21/2025,Real Madrid,Futbol,Alternativa,2025/2026,Europa,MBAPPE,L,Alibaba,11,4.11,14.61,35.22,20.61,
5,8/18/2025,9/8/2025,21,10/12/2025,Real Madrid,Futbol,Alternativa,2025/2026,Europa,MBAPPE,M,Alibaba,11,4.11,14.61,32.27,17.66,
5,8/18/2025,9/14/2025,27,9/15/2025,Monterrey,Futbol,Especial,2025/2026,LigaMx,CANALES,L,Alibaba,10.5,4.11,14.61,34,19.39,
5,8/18/2025,9/14/2025,27,9/15/2025,Cruz Azul,Futbol,Visitante,2025/2026,LigaMx,Sin nombre,XL,Alibaba,10.5,4.11,16,27.22,11.22,
5,8/18/2025,9/8/2025,21,9/8/2025,FC Barcelona,Futbol,Local,2025/2026,Europa,LAMINE YAMAL,3XL,Alibaba,11,5,14.61,32.2,17.59,
5,8/18/2025,9/14/2025,27,11/28/2025,Cruz Azul,Futbol,Local,2025/2026,LigaMx,Sin nombre,L,Alibaba,10.5,4.11,16.83,32.69,15.86,
5,8/18/2025,9/8/2025,21,11/13/2025,FC Barcelona,Futbol,Visitante,2025/2026,Europa,Sin nombre,M,Alibaba,10.5,4.11,19.11,32.76,13.65,
5,8/18/2025,9/14/2025,27,10/31/2025,Cruz Azul,Futbol,Local,2025/2026,LigaMx,Sin nombre,L,Alibaba,10.5,4.11,15.11,29.62,14.51,
5,8/18/2025,9/14/2025,27,10/16/2025,FC Barcelona,Futbol,Especial,2025/2026,Europa,Sin nombre,L,Alibaba,10.5,4.11,14.61,32.51,17.9,
5,8/18/2025,9/14/2025,27,10/3/2025,Cruz Azul,Futbol,Local,2025/2026,LigaMx,Sin nombre,XL,Alibaba,10.5,4.11,15.11,27.22,12.11,
5,8/18/2025,9/14/2025,27,10/1/2025,Seattle Seahawks,NFL,Local,2025/2026,NFL,Sin nombre,3XL,Alibaba,15,4.11,15.11,31.97,16.86,
5,8/18/2025,9/8/2025,21,9/23/2025,FC Barcelona,Futbol,Visitante,2025/2026,Europa,Sin nombre,XL,Alibaba,10.5,4.11,15.11,29.9,14.79,
5,8/18/2025,9/14/2025,27,9/19/2025,Cruz Azul,Futbol,Local,2025/2026,LigaMx,Sin nombre,XXL,Alibaba,10.5,4.11,14.61,27.22,12.61,
5,8/18/2025,9/8/2025,21,9/13/2025,FC Barcelona,Futbol,Visitante,2025/2026,Europa,LAMINE YAMAL,L,Alibaba,11,4.11,14.61,37.96,23.35,
5,8/18/2025,9/8/2025,21,9/10/2025,FC Barcelona,Futbol,Visitante,2025/2026,Europa,LAMINE YAMAL,L,Alibaba,11,4.11,14.61,37.96,23.35,
5,8/18/2025,9/8/2025,21,9/8/2025,Real Betis,Futbol,Local,Retro,Europa,Sin nombre,XL,Alibaba,11.5,5.33,14.61,26.82,12.21,
5,8/18/2025,9/8/2025,21,9/8/2025,Manchester United,Futbol,Retro,Retro,Europa,Ronaldo,L,Alibaba,10.5,4.11,14.61,26.82,12.21,
6,8/23/2025,9/8/2025,16,11/28/2025,Real Madrid,Futbol,Local,2025/2026,Europa,MBAPPE,L,Alibaba,10.5,6.25,16.75,32.89,16.14,
6,8/23/2025,9/8/2025,16,10/21/2025,Real Madrid,Futbol,Local,2025/2026,Europa,MBAPPE,XL,Alibaba,10.5,6.25,16.75,35.42,18.67,
6,8/23/2025,9/8/2025,16,9/16/2025,Real Madrid,Futbol,Local,2025/2026,Europa,MBAPPE,XL,Alibaba,10.5,6.25,16.75,35.42,18.67,
6,8/23/2025,9/8/2025,16,,Real Madrid,Futbol,Local,2025/2026,Europa,MBAPPE,L,Alibaba,10.5,6.25,16.75,,-16.75,
7,8/28/2025,9/14/2025,17,11/5/2025,Real Madrid,Futbol,Alternativa,2025/2026,Europa,MBAPPE,XL,Alibaba,11.5,5.33,15.33,34.98,19.65,
7,8/28/2025,9/14/2025,17,10/21/2025,Real Madrid,Futbol,Alternativa,2025/2026,Europa,MBAPPE,XL,Alibaba,11.5,5.33,15.33,35.22,19.89,
7,8/28/2025,9/14/2025,17,10/12/2025,Real Madrid,Futbol,Alternativa,2025/2026,Europa,MBAPPE,M,Alibaba,11.5,5.33,16.83,32.5,15.67,
7,8/28/2025,9/14/2025,17,9/26/2025,Mexico,Futbol,Local,2025/2026,Selecciones,Sin nombre,M,Alibaba,8.5,5.33,16.83,26.75,9.92,
7,8/28/2025,9/14/2025,17,9/26/2025,Mexico,Futbol,Local,2025/2026,Selecciones,Sin nombre,L,Alibaba,10,5.33,16.83,26.75,9.92,
7,8/28/2025,9/14/2025,17,9/26/2025,Mexico,Futbol,Local,2025/2026,Selecciones,Sin nombre,XXL,Alibaba,10,5.33,13.83,26.75,12.92,
7,8/28/2025,9/14/2025,17,9/21/2025,FC Barcelona,Futbol,Local,2025/2026,Europa,Sin nombre,L,Alibaba,,,,26.97,26.97,
7,8/28/2025,9/14/2025,17,9/20/2025,Monterrey,Futbol,Especial,2025/2026,LigaMx,Sergio Ramos,M,Alibaba,10.5,5.33,15.33,33,17.67,
7,8/28/2025,9/14/2025,17,10/21/2025,FC Barcelona,Futbol,Especial,2025/2026,Europa,Sin nombre,L,Alibaba,10,5.33,15.83,32.51,16.68,
7,8/28/2025,9/14/2025,17,9/25/2025,Real Madrid,Futbol,Local,2025/2026,Europa,Sin nombre,Unknown,Alibaba,13,5.33,15.33,33,17.67,
7,8/28/2025,9/14/2025,17,9/24/2025,FC Barcelona,Futbol,Especial,2025/2026,Europa,Sin nombre,S,Alibaba,10,5.33,15.33,34.84,19.51,
7,8/28/2025,9/14/2025,17,9/20/2025,Monterrey,Futbol,Visitante,2025/2026,LigaMx,Berte,M,Alibaba,10,5.33,15.83,33,17.17,
7,8/28/2025,9/14/2025,17,9/20/2025,Monterrey,Futbol,Local,2025/2026,LigaMx,Sin nombre,M,Alibaba,10.5,5.33,18.33,33,14.67,
8,9/10/2025,10/14/2025,34,12/1/2025,FC Barcelona,Futbol,Prepartido,2025/2026,Europa,Sin nombre,M,Alibaba,8.8,4.11,12.91,27,14.09,
8,9/10/2025,10/14/2025,34,11/28/2025,FC Barcelona,Futbol,Prepartido,2025/2026,Europa,Sin nombre,L,Alibaba,8.8,4.11,12.91,27.33,14.42,
8,9/10/2025,10/14/2025,34,11/7/2025,FC Barcelona,Futbol,Tercera,2025/2026,Europa,Sin nombre,XL,Alibaba,8.8,4.11,12.91,29.61,16.7,
8,9/10/2025,10/14/2025,34,11/6/2025,Chelsea,Futbol,Tercera,2025/2026,Europa,Sin nombre,M,Alibaba,8.8,4.11,22.33,35.49,13.16,
8,9/10/2025,10/14/2025,34,11/4/2025,America,Futbol,Visitante,2025/2026,LigaMx,Sin nombre,L,Alibaba,8.8,4.11,12.91,34.98,22.07,
8,9/10/2025,10/14/2025,34,10/31/2025,Paises Bajos,Futbol,Retro,Retro,Selecciones,Sin nombre,XL,Alibaba,8.8,4.11,12.91,27.17,14.26,
8,9/10/2025,10/14/2025,34,10/29/2025,Brasil,Futbol,Retro,Retro,Selecciones,Sin nombre,L,Alibaba,8.8,4.11,12.91,40.36,27.45,
8,9/10/2025,10/14/2025,34,10/16/2025,FC Barcelona,Futbol,Tercera,2025/2026,Europa,Sin nombre,L,Alibaba,8.8,4.11,12.91,29.88,16.97,
8,9/10/2025,10/14/2025,34,10/15/2025,Argentina,Futbol,Local,2025/2026,Selecciones,Sin nombre,M,Alibaba,8.8,4.11,12.91,37,24.09,
8,9/10/2025,10/14/2025,34,10/15/2025,Portugal,Futbol,Local,2025/2026,Selecciones,Sin nombre,M,Alibaba,8.8,4.11,12.91,37,24.09,
8,9/10/2025,10/14/2025,34,10/12/2025,America,Futbol,Visitante,2025/2026,LigaMx,Sin nombre,M,Alibaba,22.33,,12.91,29.88,16.97,
8,9/10/2025,10/14/2025,34,12/19/2025,America,Futbol,Visitante,2025/2026,LigaMx,Sin nombre,L,Alibaba,8.8,4.11,12.91,28.39,15.48,
8,9/10/2025,10/14/2025,34,,FC Barcelona,Futbol,Tercera,2025/2026,Europa,Sin nombre,L,Alibaba,8.8,4.11,12.91,,-12.91,
8,9/10/2025,10/14/2025,34,,FC Barcelona,Futbol,Tercera,2025/2026,Europa,Sin nombre,M,Alibaba,8.8,4.11,12.91,,-12.91,
8,9/10/2025,10/14/2025,34,1/31/2026,Chelsea,Futbol,Tercera,2025/2026,Europa,Sin nombre,L,Alibaba,8.8,4.11,12.91,22.9,9.99,
8,9/10/2025,10/14/2025,34,12/10/2025,Chelsea,Futbol,Tercera,2025/2026,Europa,Sin nombre,XL,Alibaba,8.8,4.11,12.91,30.28,17.37,
8,9/10/2025,10/14/2025,34,1/19/2026,Portugal,Futbol,Retro,Retro,Selecciones,Sin nombre,L,Alibaba,8.8,4.11,12.91,34.11,21.2,
8,9/10/2025,10/14/2025,34,12/10/2025,Portugal,Futbol,Retro,Retro,Selecciones,Sin nombre,XL,Alibaba,8.8,4.11,12.91,30.28,17.37,
9,9/20/2025,10/12/2025,22,10/31/2025,Real Madrid,Futbol,Alternativa,2025/2026,Europa,Sin nombre,L,Alibaba,12.5,4.37,16.25,32.17,15.92,
9,9/20/2025,10/12/2025,22,10/31/2025,Real Madrid,Futbol,Alternativa,2025/2026,Europa,Sin nombre,M,Alibaba,12.5,4.37,16.25,32.17,15.92,
9,9/20/2025,10/12/2025,22,10/23/2025,Cruz Azul,Futbol,Visitante,2025/2026,LigaMx,Sin nombre,XXL,Alibaba,10.5,4.37,14.87,26.89,12.02,
9,9/20/2025,10/12/2025,22,10/15/2025,Pittsburgh Steelers,NFL,Local,2025/2026,NFL,Rodgers,L,Alibaba,11.88,4.37,16.87,37.64,20.77,
9,9/20/2025,10/12/2025,22,10/15/2025,San Francisco 49ers,NFL,Local,2025/2026,NFL,Purdy,L,Alibaba,11.88,4.37,16.87,37.64,20.77,
9,9/20/2025,10/12/2025,22,10/15/2025,Green Bay Packers,NBA,Local,2025/2026,NFL,Rodgers,L,Alibaba,11.88,4.37,14.87,37.64,22.77,
9,9/20/2025,10/12/2025,22,10/15/2025,FC Barcelona,Futbol,Especial,2025/2026,Europa,Sin nombre,L,Alibaba,10.5,4.37,16.25,26.89,10.64,
10,10/5/2025,11/1/2025,27,11/29/2025,AC Milan,Futbol,Local,2025/2026,Europa,Sin nombre,XXL,Alibaba,13,8.33,21.33,35.22,13.89,
10,10/5/2025,11/1/2025,27,11/6/2025,FC Barcelona,Futbol,Alternativa,2025/2026,Europa,Pedri,XL,Alibaba,13,8.33,21.33,35.22,13.89,
10,10/5/2025,11/1/2025,27,11/3/2025,Denver Broncos,NFL,Local,2025/2026,NFL,Sin nombre,XL,Alibaba,10.5,8.33,18.83,35.22,16.39,
10,10/5/2025,11/1/2025,27,11/3/2025,Denver Broncos,NFL,Local,2025/2026,NFL,Sin nombre,M,Alibaba,10.5,8.33,20.33,35.22,14.89,
10,10/5/2025,11/1/2025,27,,CR7 SET,Futbol,Especial,2025/2026,Otra,Sin nombre,S,Alibaba,12,8.33,18.83,8.2,-10.63,
11,10/25/2025,11/17/2025,23,11/19/2025,Green Bay Packers,NFL,Local,2025/2026,NFL,Sin nombre,L,Alibaba,10.5,5.5,16,37.93,21.93,
11,10/25/2025,11/17/2025,23,11/19/2025,Dallas Cowboys,NFL,Local,2025/2026,NFL,Sin nombre,XL,Alibaba,10.5,5.5,16,37.93,21.93,
11,10/25/2025,11/17/2025,23,11/19/2025,Baltimore Ravens,NFL,Local,2025/2026,NFL,Sin nombre,L,Alibaba,10.5,5.5,16,37.93,21.93,
11,10/25/2025,11/17/2025,23,11/19/2025,Chivas,Futbol,Local,2025/2026,LigaMx,Sin nombre,M,Alibaba,13,5.5,18.5,37.93,19.43,
11,10/25/2025,11/17/2025,23,11/19/2025,FC Barcelona,Futbol,Local,2025/2026,Europa,Sin nombre,L,Alibaba,12,5.5,17.5,35.22,17.72,
11,10/25/2025,11/17/2025,23,11/18/2025,Cruz Azul,Futbol,Alternativa,2025/2026,LigaMx,Sin nombre,L,Alibaba,12,5.5,17.5,32.69,15.19,
11,10/25/2025,11/17/2025,23,11/18/2025,Cruz Azul,Futbol,Alternativa,2025/2026,LigaMx,Sin nombre,L,Alibaba,12,5.5,17.5,32.69,15.19,
11,10/25/2025,11/17/2025,23,11/1/2025,Cruz Azul,Futbol,Alternativa,2025/2026,LigaMx,Sin nombre,XL,Alibaba,12,5.5,17.5,32.69,15.19,
11,10/25/2025,11/17/2025,23,11/1/2025,Cruz Azul,Futbol,Alternativa,2025/2026,LigaMx,Sin nombre,XL,Alibaba,12,5.5,17.5,32.69,15.19,
12,10/15/2025,12/14/2025,60,12/1/2025,Conjunto NBA Curry,NBA,Local,2025/2026,NBA,Sin nombre,XL,Alibaba,17.76,,17.76,32.69,14.93,
13,12/3/2025,1/6/2026,34,1/8/2026,Tigres,Futbol,Local,2025/2026,LigaMx,Sin nombre,L,Alibaba,8,5.46,13.46,38.92,25.46,
13,12/3/2025,1/6/2026,34,1/8/2026,Seattle Seahawks,NFL,Local,2025/2026,NFL,Sin nombre,S,Alibaba,14,5.46,19.46,38.92,19.46,
13,12/3/2025,1/6/2026,34,1/8/2026,Chivas,Futbol,Local,2025/2026,LigaMx,Sin nombre,M,Alibaba,8,5.46,13.46,36.13,22.67,
13,12/3/2025,1/6/2026,34,1/22/2026,Chivas,Futbol,Local,2025/2026,LigaMx,Sin nombre,L,Alibaba,8,5.46,13.46,26.13,12.67,
13,12/3/2025,1/6/2026,34,1/22/2026,Chivas,Futbol,Local,2025/2026,LigaMx,Sin nombre,XL,Alibaba,8,5.46,13.46,26.13,12.67,
13,12/3/2025,1/6/2026,34,1/8/2026,FC Barcelona,Futbol,Especial,2025/2026,Europa,Sin nombre,L,Alibaba,6,5.46,11.46,33.35,21.89,
13,12/3/2025,1/6/2026,34,1/8/2026,FC Barcelona,Futbol,Local,2025/2026,Europa,Sin nombre,M,Alibaba,10,5.46,15.46,36.13,20.67,
13,12/3/2025,1/6/2026,34,1/8/2026,Baltimore Ravens,NFL,Local,2025/2026,NFL,Sin nombre,L,Alibaba,14,5.46,19.46,38.92,19.46,
13,12/3/2025,1/6/2026,34,1/8/2026,FC Barcelona,Futbol,Retro,Retro,Europa,Sin nombre,S,Alibaba,12,5.46,17.46,38.92,21.46,
13,12/3/2025,1/6/2026,34,,Mexico,Futbol,Local,2025/2026,Selecciones,Sin nombre,M,Alibaba,8,5.46,13.46,,-13.46,
13,12/3/2025,1/6/2026,34,1/14/2026,Mexico,Futbol,Local,2025/2026,Selecciones,Sin nombre,L,Alibaba,8,5.46,13.46,34.07,20.61,
13,12/3/2025,1/6/2026,34,1/14/2026,Mexico,Futbol,Local,2025/2026,Selecciones,Sin nombre,L,Alibaba,8,5.46,13.46,34.07,20.61,
13,12/3/2025,1/6/2026,34,,Mexico,Futbol,Local,2025/2026,Selecciones,Sin nombre,XL,Alibaba,8,5.46,13.46,,-13.46,
14,12/31/2025,1/23/2026,23,2/6/2026,Cruz Azul,Futbol,Local,2025/2026,LigaMx,Sin nombre,M,Alibaba,8,6.12,14.12,31.82,17.7,
14,12/31/2025,1/23/2026,23,1/27/2026,Cruz Azul,Futbol,Local,2025/2026,LigaMx,Sin nombre,L,Alibaba,8,6.12,14.12,29.04,14.92,
14,12/31/2025,1/23/2026,23,1/31/2026,Cruz Azul,Futbol,Local,2025/2026,LigaMx,Sin nombre,L,Alibaba,8,6.12,14.12,28.63,14.51,
14,12/31/2025,1/23/2026,23,,Cruz Azul,Futbol,Local,2025/2026,LigaMx,Sin nombre,XL,Alibaba,8,6.12,14.12,,-14.12,
14,12/31/2025,1/23/2026,23,2/21/2026,Cruz Azul,Futbol,Local,2025/2026,LigaMx,Sin nombre,XL,Alibaba,8,6.12,14.12,32.1,17.98,
14,12/31/2025,1/23/2026,23,2/21/2026,Cruz Azul,Futbol,Local,2025/2026,LigaMx,Sin nombre,XXL,Alibaba,8,6.12,14.12,32.1,17.98,
14,12/31/2025,1/23/2026,23,2/19/2026,Cruz Azul,Futbol,Local,2025/2026,LigaMx,Sin nombre,XXL,Alibaba,8,6.12,14.12,32.1,17.98,
14,12/31/2025,1/23/2026,23,1/29/2026,Cruz Azul,Futbol,Alternativa,2025/2026,LigaMx,Sin nombre,M,Alibaba,8,6.12,14.12,27.59,13.47,
14,12/31/2025,1/23/2026,23,1/29/2026,Cruz Azul,Futbol,Alternativa,2025/2026,LigaMx,Sin nombre,L,Alibaba,8,6.12,14.12,27.59,13.47,
14,12/31/2025,1/23/2026,23,1/31/2026,Cruz Azul,Futbol,Alternativa,2025/2026,LigaMx,Sin nombre,L,Alibaba,8,6.12,14.12,28.63,14.51,
14,12/31/2025,1/23/2026,23,1/29/2026,Cruz Azul,Futbol,Alternativa,2025/2026,LigaMx,Sin nombre,XL,Alibaba,8,6.12,14.12,27.59,13.47,
14,12/31/2025,1/23/2026,23,1/29/2026,Cruz Azul,Futbol,Alternativa,2025/2026,LigaMx,Sin nombre,XL,Alibaba,8,6.12,14.12,27.59,13.47,
14,12/31/2025,1/23/2026,23,2/21/2026,Cruz Azul,Futbol,Alternativa,2025/2026,LigaMx,Sin nombre,XXL,Alibaba,8,6.12,14.12,31.58,17.46,
14,12/31/2025,1/23/2026,23,,Mexico,Futbol,Local,2025/2026,Selecciones,Sin nombre,M,Alibaba,8,6.12,14.12,,-14.12,
14,12/31/2025,1/23/2026,23,,Mexico,Futbol,Local,2025/2026,Selecciones,Sin nombre,XL,Alibaba,8,6.12,14.12,,-14.12,
14,12/31/2025,1/23/2026,23,,Mexico,Futbol,Local,2025/2026,Selecciones,Sin nombre,XXL,Alibaba,8,6.12,14.12,,-14.12,
14,12/31/2025,1/23/2026,23,2/6/2026,America,Futbol,Local,2025/2026,LigaMx,Sin nombre,M,Alibaba,6,6.12,12.12,31.49,19.37,
14,12/31/2025,1/23/2026,23,2/1/2026,America,Futbol,Local,2025/2026,LigaMx,Sin nombre,L,Alibaba,6,6.12,12.12,0,-12.12,
14,12/31/2025,1/23/2026,23,2/2/2026,America,Futbol,Local,2025/2026,LigaMx,Sin nombre,XL,Alibaba,6,6.12,12.12,0,-12.12,
14,12/31/2025,1/23/2026,23,2/11/2026,America,Futbol,Local,2025/2026,LigaMx,Sin nombre,XXL,Alibaba,6,6.12,12.12,34.92,22.8,
14,12/31/2025,1/23/2026,23,2/13/2026,Monterrey,Futbol,Local,2025/2026,LigaMx,Sin nombre,M,Alibaba,6,6.12,12.12,29.18,17.06,
14,12/31/2025,1/23/2026,23,1/31/2026,Monterrey,Futbol,Local,2025/2026,LigaMx,Sin nombre,L,Alibaba,6,6.12,12.12,31.66,19.54,
14,12/31/2025,1/23/2026,23,2/18/2026,Monterrey,Futbol,Local,2025/2026,LigaMx,Sin nombre,XL,Alibaba,6,6.12,12.12,39.75,27.63,
14,12/31/2025,1/23/2026,23,,Tigres,Futbol,Local,2025/2026,LigaMx,Sin nombre,M,Alibaba,6,6.12,12.12,,-12.12,
14,12/31/2025,1/23/2026,23,,Tigres,Futbol,Local,2025/2026,LigaMx,Sin nombre,L,Alibaba,6,6.12,12.12,,-12.12,
14,12/31/2025,1/23/2026,23,,Tigres,Futbol,Local,2025/2026,LigaMx,Sin nombre,XL,Alibaba,6,6.12,12.12,,-12.12,
14,12/31/2025,1/23/2026,23,1/26/2026,Chivas,Futbol,Local,2025/2026,LigaMx,Sin nombre,M,Alibaba,6,6.12,12.12,31.66,19.54,
14,12/31/2025,1/23/2026,23,2/12/2026,Chivas,Futbol,Local,2025/2026,LigaMx,Sin nombre,XXL,Alibaba,6,6.12,12.12,29.1,16.98,
15,1/18/2026,2/15/2026,28,2/1/2026,New England Patriots,NFL,Local,2025/2026,NFL,Sin nombre,S,Alibaba,18,5.71,23.71,39.75,16.04,
15,1/18/2026,2/15/2026,28,2/1/2026,Pittsburgh Steelers,NFL,Local,2025/2026,NFL,Sin nombre,XL,Alibaba,18,5.71,23.71,39.75,16.04,
15,1/18/2026,2/15/2026,28,2/1/2026,Pittsburgh Steelers,NFL,Local,2025/2026,NFL,Sin nombre,L,Alibaba,18,5.71,23.71,39.75,16.04,
15,1/18/2026,2/15/2026,28,2/1/2026,Monterrey,Futbol,Local,2025/2026,LigaMx,Sin nombre,L,Alibaba,8,5.71,13.71,39.75,26.04,
15,1/18/2026,2/15/2026,28,,New England Patriots,NFL,Local,2025/2026,NFL,Sin nombre,S,Alibaba,18,5.71,23.71,,-23.71,
15,1/18/2026,2/15/2026,28,,Mexico,Futbol,Local,2025/2026,Selecciones,Sin nombre,L,Alibaba,6,5.71,11.71,,-11.71,
15,1/18/2026,2/15/2026,28,,Mexico,Futbol,Local,2025/2026,Selecciones,Sin nombre,L,Alibaba,6,5.71,11.71,,-11.71,
15,1/18/2026,2/15/2026,28,,Mexico,Futbol,Local,2025/2026,Selecciones,Sin nombre,L,Alibaba,6,5.71,11.71,,-11.71,
15,1/18/2026,2/15/2026,28,,FC Barcelona,Futbol,Cuarta,2025/2026,Europa,Sin nombre,L,Alibaba,6,5.71,11.71,,-11.71,
15,1/18/2026,2/15/2026,28,,FC Barcelona,Futbol,Cuarta,2025/2026,Europa,Sin nombre,M,Alibaba,8,5.71,13.71,,-13.71,
15,1/18/2026,2/15/2026,28,,FC Barcelona,Futbol,Cuarta,2025/2026,Europa,Sin nombre,L,Alibaba,8,5.71,13.71,,-13.71,
15,1/18/2026,2/15/2026,28,2/1/2026,FC Barcelona,Futbol,Cuarta,2025/2026,Europa,Sin nombre,L,Alibaba,11,5.71,16.71,39.75,23.04,
15,1/18/2026,2/15/2026,28,2/1/2026,FC Barcelona,Futbol,Local,2019/2020,Europa,Sin nombre,L,Alibaba,12,5.71,17.71,39.75,22.04,
16,1/31/2026,2/5/2026,5,2/5/2026,Chivas,Futbol,Local,2025/2026,LigaMx,Sin nombre,M,Tiktok,,,11.19,31.66,20.47,
16,1/31/2026,2/5/2026,5,2/6/2026,Chivas,Futbol,Local,2025/2026,LigaMx,Sin nombre,L,Tiktok,,,11.19,31.66,20.47,
17,2/5/2026,2/12/2026,7,2/25/2026,Monterrey,Futbol,Local,2025/2026,LigaMx,Sin nombre,L,Tiktok,,,11.19,29.01,17.82,
17,2/5/2026,2/12/2026,7,,Monterrey,Futbol,Visitante,2025/2026,LigaMx,Sin nombre,L,Tiktok,,,11.19,34.81,23.62,
18,2/6/2026,2/18/2026,12,2/21/2026,Chivas,Futbol,Local,2025/2026,LigaMx,Sin nombre,M,Tiktok,,,15.06,32.1,17.04,
18,2/6/2026,2/18/2026,12,2/25/2026,Chivas,Futbol,Local,2025/2026,LigaMx,Sin nombre,M,Tiktok,,,15.06,32.05,16.99,
18,2/6/2026,2/18/2026,12,2/26/2026,Chivas,Futbol,Local,2025/2026,LigaMx,Sin nombre,L,Tiktok,,,15.06,,-15.06,
18,2/6/2026,2/18/2026,12,,Chivas,Futbol,Local,2025/2026,LigaMx,Sin nombre,L,Tiktok,,,15.06,,-15.06,
18,2/6/2026,2/18/2026,12,,Chivas,Futbol,Local,2025/2026,LigaMx,Sin nombre,XL,Tiktok,,,15.06,,-15.06,
19,3/1/2026,,,,Chivas,Futbol,Alternativa,2025/2026,LigaMx,Sin nombre,XL,Alibaba,6,7.67,13.67,,-13.67,
19,3/1/2026,,,,Chivas,Futbol,Alternativa,2025/2026,LigaMx,Sin nombre,XL,Alibaba,6,7.67,13.67,,-13.67,
19,3/1/2026,,,,Chivas,Futbol,Alternativa,2025/2026,LigaMx,Sin nombre,L,Alibaba,6,7.67,13.67,,-13.67,
19,3/1/2026,,,,Chivas,Futbol,Alternativa,2025/2026,LigaMx,Sin nombre,L,Alibaba,6,7.67,13.67,,-13.67,
19,3/1/2026,,,,Chivas,Futbol,Alternativa,2025/2026,LigaMx,Sin nombre,M,Alibaba,6,7.67,13.67,,-13.67,
19,3/1/2026,,,,Chivas,Futbol,Alternativa,2025/2026,LigaMx,Sin nombre,M,Alibaba,6,7.67,13.67,,-13.67,
19,3/1/2026,,,,Chivas,Futbol,Alternativa,2025/2026,LigaMx,Sin nombre,M,Alibaba,6,7.67,13.67,,-13.67,
19,3/1/2026,,,,Chivas,Futbol,Alternativa,2025/2026,LigaMx,Hormiga,M,Alibaba,6,7.67,13.67,,-13.67,
19,3/1/2026,,,,Cruz Azul,Futbol,Local,2025/2026,LigaMx,Sin nombre,L,Alibaba,0,0,0,,0,
19,3/1/2026,,,,Cruz Azul,Futbol,Local,2025/2026,LigaMx,Sin nombre,L,Alibaba,0,0,0,,0,
19,3/1/2026,,,,Cruz Azul,Futbol,Local,2025/2026,LigaMx,Sin nombre,M,Alibaba,0,0,0,,0,
19,3/1/2026,,,,Cruz Azul,Futbol,Local,2025/2026,LigaMx,Sin nombre,M,Alibaba,0,0,0,,0,
19,3/1/2026,,,,Cruz Azul,Futbol,Local,2025/2026,LigaMx,Sin nombre,XL,Alibaba,8,7.67,15.67,,-15.67,
19,3/1/2026,,,,Cruz Azul,Futbol,Alternativa,2025/2026,LigaMx,Sin nombre,M,Alibaba,8,7.67,15.67,,-15.67,
19,3/1/2026,,,,Cruz Azul,Futbol,Alternativa,2025/2026,LigaMx,Sin nombre,L,Alibaba,8,7.67,15.67,,-15.67,
19,3/1/2026,,,,Cruz Azul,Futbol,Alternativa,2025/2026,LigaMx,Sin nombre,L,Alibaba,8,7.67,15.67,,-15.67,
19,3/1/2026,,,,Cruz Azul,Futbol,Alternativa,2025/2026,LigaMx,Sin nombre,XL,Alibaba,8,7.67,15.67,,-15.67,
19,3/1/2026,,,,Cruz Azul,Futbol,Alternativa,2025/2026,LigaMx,Sin nombre,XL,Alibaba,8,7.67,15.67,,-15.67,
19,3/1/2026,,,,DIM,Futbol,Local,2025/2026,Colombia,Sin nombre,L,Alibaba,6,7.67,13.67,,-13.67,
19,3/1/2026,,,,Pittsburgh Steelers,NFL,Visitante,2025/2026,NFL,WATT,XS,Alibaba,18,7.67,25.67,,-25.67,
19,3/1/2026,,,,Portugal,Futbol,Local,2025/2026,Selecciones,Ronaldo,M,Alibaba,8,7.67,15.67,,-15.67,
19,3/1/2026,,,,Portugal,Futbol,Local,2025/2026,Selecciones,Ronaldo,L,Alibaba,8,7.67,15.67,,-15.67,
19,3/1/2026,,,,Portugal,Futbol,Local,2025/2026,Selecciones,Ronaldo,L,Alibaba,8,7.67,15.67,,-15.67,
19,3/1/2026,,,,Argentina,Futbol,Local,2025/2026,Selecciones,Messi,M,Alibaba,8,7.67,15.67,,-15.67,
19,3/1/2026,,,,Argentina,Futbol,Local,2025/2026,Selecciones,Messi,M,Alibaba,8,7.67,15.67,,-15.67,
19,3/1/2026,,,,Argentina,Futbol,Local,2025/2026,Selecciones,Messi,L,Alibaba,8,7.67,15.67,,-15.67,
19,3/1/2026,,,,Argentina,Futbol,Local,2025/2026,Selecciones,Messi,L,Alibaba,8,7.67,15.67,,-15.67,
20,3/2/2026,3/7/2026,5,,Cruz Azul,Futbol,Visitante,2025/2026,LigaMx,Sin nombre,L,Tiktok,,,0,,0,
20,3/2/2026,3/7/2026,5,,Cruz Azul,Futbol,Visitante,2025/2027,LigaMx,Sin nombre,L,Tiktok,,,0,,0,
20,3/2/2026,3/7/2026,5,,Cruz Azul,Futbol,Visitante,2025/2028,LigaMx,Sin nombre,XL,Tiktok,,,0,,0,
20,3/2/2026,3/7/2026,5,,Cruz Azul,Futbol,Visitante,2025/2029,LigaMx,Sin nombre,M,Tiktok,,,0,,0,
20,3/2/2026,3/7/2026,5,,Cruz Azul,Futbol,Visitante,2025/2030,LigaMx,Sin nombre,M,Tiktok,,,0,,0,
