Pedido,Fecha de compra,Fecha llegada, Costo , Costo de envio , Costo total ,Modelo,Jugador,Talla,Fecha de venta,Venta,Ganancia,,,,,
1,6/12/2025,7/3/2025, $10.00 , $5.00 , $15.00 ,FC Barcelona 25-26 Version jugador,,M,7/15/2025, $26.87 , $11.87 ,,,,,
1,6/12/2025,7/3/2025, $10.50 , $6.00 , $16.50 ,Real Madrid 25-26 Version jugador,,M,7/10/2025, $26.87 , $10.37 ,,,,,
1,6/12/2025,7/3/2025, $10.50 , $6.00 , $16.50 ,FC Barcelona 25-26 Version jugador,,XL,7/8/2025, $29.55 , $13.05 ,,,,,
1,6/12/2025,7/3/2025, $10.50 , $6.00 , $16.50 ,Real Madrid 25-26 Version jugador,MBAPPE,L,7/7/2025, $37.60 , $21.10 ,,Total jerseys,191,,
1,6/12/2025,7/3/2025, $10.50 , $6.00 , $16.50 ,FC Barcelona 25-26 Version jugador,PEDRI,L,7/6/2025, $37.57 , $21.07 ,,Jersey Vedidas,164,,
1,6/12/2025,7/3/2025, $10.50 , $6.00 , $16.50 ,Real Madrid 25-26 Version jugador,,XL,7/5/2025, $32.20 , $15.70 ,,Jersey disponible,27,,
1,6/12/2025,7/3/2025, $11.00 , $6.00 , $17.00 ,FC Barcelona 25-26 Version jugador,LAMINE YAMAL,L,7/3/2025, $48.19 , $31.19 ,,Total Costo,"$2,877.49",,
1,6/12/2025,7/3/2025, $11.00 , $6.00 , $17.00 ,FC Barcelona 25-26 Version jugador,LAMINE YAMAL,L,7/3/2025, $48.19 , $31.19 ,,Total venta," $5,246.07 ",,
1,6/12/2025,7/3/2025, $10.50 , $6.00 , $16.50 ,Real Madrid 25-26 Version jugador,MBAPPE,L,7/3/2025, $40.00 , $23.50 ,,Ganancia," $2,368.58 ",,
1,6/12/2025,7/3/2025, $11.00 , $6.00 , $17.00 ,Real Madrid 25-26 Version jugador,VINI JR,L,,,-$17.00 ,,Total Costo de disponibles, $379.48 ,,
2,7/2/2025,7/22/2025, $11.00 , $6.00 , $17.00 ,FC Barcelona 25-26 Version jugador,LAMINE YAMAL,L,11/6/2025, $29.58 , $12.58 ,,Ganancia promedio por jersey vendida, $16.81 ,,
2,7/2/2025,7/22/2025, $11.00 , $6.00 , $17.00 ,FC Barcelona 25-26 Version jugador,LAMINE YAMAL,Xl,9/3/2025, $32.20 , $15.20 ,,Ganancia esperada total," $3,211.33 ",,
2,7/2/2025,7/22/2025, $10.50 , $6.00 , $17.00 ,FC Barcelona 25-26 Version jugador,LAMINE YAMAL,L,8/6/2025, $32.25 , $15.25 ,,Ganancia por ganar,453.957,,
2,7/2/2025,7/22/2025, $10.50 , $6.00 , $16.50 ,FC Barcelona 25-26 Version jugador,LAMINE YAMAL,L,8/4/2025, $32.25 , $15.75 ,,Ventas por jersey apartadas,0,,
2,7/2/2025,7/22/2025, $11.00 , $6.00 , $16.50 ,FC Barcelona 25-26 Version jugador,LAMINE YAMAL,M,7/24/2025, $37.63 , $21.13 ,,Ganancia por jersey apartada, $-   ,,
3,7/11/2025,8/12/2025, $9.00 , $5.92 , $16.42 ,FC Barcelona 25-26 version jugador,Pedri,L,12/1/2025, $30.05 , $13.63 ,,,,,
3,7/11/2025,8/12/2025, $11.00 , $5.92 , $14.92 ,Monterrey mundial version jugador,Sergio Ramos,XL,11/19/2025, $32.69 , $17.77 ,,,,,
3,7/11/2025,8/12/2025, $8.00 , $5.92 , $17.92 ,FC Barcelona parche,,S,11/10/2025, $32.52 , $14.60 ,,,,,
3,7/11/2025,8/12/2025, $10.50 , $5.92 , $15.92 ,Conjunto Golden state,CURRY,XL,8/5/2025, $32.25 , $16.33 ,,,,,
3,7/11/2025,8/12/2025, $12.00 , $5.92 , $16.42 ,Real Madrid 25-26 Version jugador,VINI JR,XL,10/12/2025, $32.97 , $16.55 ,,,,,
3,7/11/2025,8/12/2025, $9.00 , $5.92 , $14.92 ,Cruz azul visitante 25/26,,M,10/1/2025, $27.22 , $12.30 ,,,,,
3,7/11/2025,8/12/2025, $9.00 , $5.92 , $14.92 ,MEXICO,,L,9/26/2025, $26.75 , $11.83 ,,,,,
3,7/11/2025,8/3/2025, $9.00 , $5.92 , $13.92 ,Conjunto FC Barcelona ni–o,Lamine Yamal,24,8/24/2025, $26.78 , $12.86 ,,,,,
3,7/11/2025,8/3/2025, $11.00 , $5.92 , $16.92 ,Conjunto FC Barcelona ni–o,Lamine Yamal,28,9/13/2025, $24.40 , $7.48 ,,,,,
3,7/11/2025,8/12/2025, $9.00 , $5.92 , $14.92 ,FC Barcelona 25-26 version jugador,Lamine Yamal,L,9/14/2025, $35.25 , $20.33 ,,,,,
3,7/11/2025,8/3/2025, $11.00 , $5.92 , $17.92 ,Conjunto Real Madrid nni–o,MBAPPƒ,28,10/6/2025, $24.46 , $6.54 ,,,,,
3,7/11/2025,8/12/2025, $9.00 , $5.92 , $14.92 ,PSG,,L,9/9/2025, $26.82 , $11.90 ,,,,,
3,7/11/2025,8/3/2025, $8.00 , $5.92 , $14.92 ,Conjunto Chicago bulls,JORDAN,L,10/13/2025, $21.66 , $6.74 ,,,,,
3,7/11/2025,8/3/2025, $8.00 , $5.92 , $16.92 ,Conjunto Golden state,CURRY,L,10/13/2025, $21.66 , $4.74 ,,,,,
3,7/11/2025,8/3/2025, $8.00 , $5.92 , $13.92 ,Conjunto Lakers,JAMES,XL,10/13/2025, $21.66 , $7.74 ,,,,,
3,7/11/2025,8/3/2025, $10.65 , $5.92 , $16.42 ,Conjunto inter miami ni–o,MESSI,22,10/19/2025, $21.67 , $5.25 ,,,,,
3,7/11/2025,8/3/2025, $8.00 , $5.92 , $17.92 ,Conjunto Golden state,CURRY,M,11/9/2025, $21.68 , $3.76 ,,,,,
3,7/11/2025,8/12/2025, $11.00 , $5.92 , $16.92 ,AC Milan 25/26,GIMENEZ,L,9/6/2025, $34.88 , $17.96 ,,,,,
3,7/11/2025,8/12/2025, $9.00 , $5.92 , $14.92 ,MEXICO,,XL,9/5/2025, $26.67 , $11.75 ,,,,,
3,7/11/2025,8/3/2025, $11.00 , $5.92 , $10.50 ,Conjunto FC Barcelona ni–o,Lamine Yamal,26,12/8/2025, $22.00 , $11.50 ,,,,,
3,7/11/2025,8/3/2025, $9.00 , $5.92 , $13.92 ,Conjunto inter miami ni–o,MESSI,24,,,-$13.92 ,,,,,
3,7/11/2025,8/12/2025, $12.00 , $5.92 , $13.92 ,Real Madrid 25-26 Version jugador,VINI JR,L,8/30/2025, $34.84 , $20.92 ,,,,,
3,7/11/2025,8/12/2025, $10.00 , $5.92 , $13.92 ,Real Madrid 25-26 Version jugador,MBAPPƒ,XL,21-Aug, $19.54 , $5.62 ,,,,=,
3,7/11/2025,8/12/2025, $12.00 , $5.92 , $16.57 ,Real Madrid Alternativa 25-26 Version jugador,MBAPPƒ,L,21-Aug, $19.54 , $2.97 ,,,,,
3,7/11/2025,8/12/2025, $12.00 , $5.92 , $13.92 ,Real Madrid 25-26 Version jugador,MBAPPƒ,XL,21-Aug, $19.54 , $5.62 ,,,,,
3,7/11/2025,8/12/2025, $8.00 , $5.92 , $16.92 ,Cruz azul local 25/26,,XL,8/17/2025, $24.14 , $7.22 ,,,,,
3,7/11/2025,8/12/2025, $10.50 , $5.92 , $14.92 ,America 25-26 Version jugador,HENRY,L,8/13/2025, $29.80 , $14.88 ,,,,,
3,7/11/2025,8/12/2025, $10.50 , $5.92 , $16.92 ,Inter miami version jugador,Messi,M,8/13/2025, $37.67 , $20.75 ,,,,,
3,7/11/2025,8/12/2025, $10.50 , $5.92 , $14.92 ,America 25-26 Version jugador,HENRY,L,8/13/2025, $34.98 , $20.06 ,,,,,
3,7/11/2025,8/3/2025, $10.50 ,, $17.92 ,Chelsea 2025/26,Cole Palmer,L,8/8/2025, $29.62 , $11.70 ,,,,,
3,7/11/2025,8/12/2025, $9.00 , $5.92 , $16.42 ,FC Barcelona 25-26 version jugador,Lewandowski,XL,1/16/2026, $22.71 , $6.29 ,,,,,
4,8/4/2025,8/24/2025, $10.50 , $5.33 , $-   ,FC Barcelona 25-26 Version jugador,,L,9/18/2025, $32.29 , $32.29 ,,,,,
4,8/4/2025,8/24/2025,,, $15.83 ,FC Barcelona visitante 25/26,Lamine Yamal,S,10/13/2025, $37.91 , $22.08 ,,,,,
4,8/4/2025,8/24/2025, $10.50 , $5.33 , $15.83 ,FC Barcelona Travis scott,,M,9/6/2025, $32.20 , $16.37 ,,,,,
4,8/4/2025,8/24/2025, $10.50 ,, $10.50 ,FC Barcelona 25-26 Version jugador,PEDRI,S,8/27/2025, $34.07 , $23.57 ,,,,,
4,8/4/2025,8/24/2025, $10.50 , $5.33 , $15.83 ,FC Barcelona 25-26 Version jugador,Pedri,L,8/26/2025, $32.29 , $16.46 ,,,,,
4,8/4/2025,8/24/2025, $10.50 , $5.00 , $15.50 ,Real Madrid,Mbappe,L,8/26/2025, $32.29 , $16.79 ,,,,,
5,8/18/2025,9/14/2025, $10.50 , $4.11 , $15.11 ,Cruz azul visitante 25/26,,L,11/13/2025, $27.30 , $12.19 ,,,,,
5,8/18/2025,9/8/2025, $11.00 , $4.11 , $14.61 ,Real Madrid Alternativa 25-26 Version jugador,MBAPPE,L,10/21/2025, $35.22 , $20.61 ,,,,,
5,8/18/2025,9/8/2025, $11.00 , $4.11 , $14.61 ,Real Madrid Alternativa 25-26 Version jugador,MBAPPE,L,10/21/2025, $35.22 , $20.61 ,,,,,
5,8/18/2025,9/8/2025, $11.00 , $4.11 , $14.61 ,Real Madrid Alternativa 25-26 Version jugador,MBAPPE,M,10/12/2025, $32.27 , $17.66 ,,,,,
5,8/18/2025,9/14/2025, $10.50 , $4.11 , $14.61 ,Monterrey mundial version jugador,CANALES,l,9/15/2025, $34.00 , $19.39 ,,,,,
5,8/18/2025,9/14/2025, $10.50 , $4.11 , $16.00 ,Cruz azul visitante 25/26,,xl,9/15/2025, $27.22 , $11.22 ,,,,,
5,8/18/2025,9/8/2025, $11.00 , $5.00 , $14.61 ,FC Barcelona 25-26 Version jugador,LAMINE YAMAL,3xl,9/8/2025, $32.20 , $17.59 ,,,,,
5,8/18/2025,9/14/2025, $10.50 , $4.11 , $16.83 ,Cruz  Azul local 25/26,,L,11/28/2025, $32.69 , $15.86 ,,,,,
5,8/18/2025,9/8/2025, $10.50 , $4.11 , $19.11 ,FC Barcelona visitante 25/26,,M,11/13/2025, $32.76 , $13.65 ,,,,,
5,8/18/2025,9/14/2025, $10.50 , $4.11 , $15.11 ,Cruz  Azul local 25/26,,L,10/31/2025, $29.62 , $14.51 ,,,,,
5,8/18/2025,9/14/2025, $10.50 , $4.11 , $14.61 ,FC Barcelona Travis scott,,L,10/16/2025, $32.51 , $17.90 ,,,,,
5,8/18/2025,9/14/2025, $10.50 , $4.11 , $15.11 ,Cruz  Azul local 25/26,,XL,10/3/2025, $27.22 , $12.11 ,,,,,
5,8/18/2025,9/14/2025, $15.00 , $4.11 , $15.11 ,NFL Seahawks,,3XL,10/1/2025, $31.97 , $16.86 ,,,,,
5,8/18/2025,9/8/2025, $10.50 , $4.11 , $15.11 ,FC Barcelona visitante 25/26,,XL,9/23/2025, $29.90 , $14.79 ,,,,,
5,8/18/2025,9/14/2025, $10.50 , $4.11 , $14.61 ,Cruz  Azul local 25/26,,2XL,9/19/2025, $27.22 , $12.61 ,,,,,
5,8/18/2025,9/8/2025, $11.00 , $4.11 , $14.61 ,FC Barcelona visitante 25/26,LAMINE YAMAL,L,9/13/2025, $37.96 , $23.35 ,,,,,
5,8/18/2025,9/8/2025, $11.00 , $4.11 , $14.61 ,FC Barcelona visitante 25/26,LAMINE YAMAL,L,9/10/2025, $37.96 , $23.35 ,,,,,
5,8/18/2025,9/8/2025, $11.50 , $5.33 , $14.61 ,Real Betis,,XL,9/8/2025, $26.82 , $12.21 ,,,,,
5,8/18/2025,9/8/2025, $10.50 , $4.11 , $14.61 ,Manchester United Retro,Ronaldo,L,9/8/2025, $26.82 , $12.21 ,,,,,
6,8/23/2025,9/8/2025, $10.50 , $6.25 , $16.75 ,Real Madrid 25-26 Version jugador,MBAPPE,L,11/28/2025, $32.89 , $16.14 ,,,,,
6,8/23/2025,9/8/2025, $10.50 , $6.25 , $16.75 ,Real Madrid 25-26 Version jugador,MBAPPE,XL,10/21/2025, $35.42 , $18.67 ,,,,,
6,8/23/2025,9/8/2025, $10.50 , $6.25 , $16.75 ,Real Madrid 25-26 Version jugador,MBAPPE,XL,9/16/2025, $35.42 , $18.67 ,,,,,
6,8/23/2025,9/8/2025, $10.50 , $6.25 , $16.75 ,Real Madrid 25-26 Version jugador,MBAPPE,L,,,-$16.75 ,,,,,
7,8/28/2025,, $11.50 , $5.33 , $15.33 ,Real Madrid Alternativa 25-26 Version jugador,MBAPPE,XL,11/5/2025, $34.98 , $19.65 ,,,,,
7,8/28/2025,, $11.50 , $5.33 , $15.33 ,Real Madrid Alternativa 25-26 Version jugador,MBAPPE,XL,10/21/2025, $35.22 , $19.89 ,,,,,
7,8/28/2025,, $11.50 , $5.33 , $16.83 ,Real Madrid Alternativa 25-26 Version jugador,MBAPPE,M,10/12/2025, $32.50 , $15.67 ,,,,,
7,8/28/2025,, $8.50 , $5.33 , $16.83 ,MEXICO,,m,9/26/2025, $26.75 , $9.92 ,,,,,
7,8/28/2025,, $10.00 , $5.33 , $16.83 ,MEXICO,,l ,9/26/2025, $26.75 , $9.92 ,,,,,
7,8/28/2025,, $10.00 , $5.33 , $13.83 ,MEXICO,,2xl,9/26/2025, $26.75 , $12.92 ,,,,,
7,8/28/2025,,,, $-   ,FC Barcelona parche,,L,9/21/2025, $26.97 , $26.97 ,,,,,
7,8/28/2025,, $10.50 , $5.33 , $15.33 ,Monterrey mundial version jugador,Sergio Ramos,m,9/20/2025, $33.00 , $17.67 ,,,,,
7,8/28/2025,, $10.00 , $5.33 , $15.83 ,FC Barcelona Travis scott,,L,10/21/2025, $32.51 , $16.68 ,,,,,
7,8/28/2025,, $13.00 , $5.33 , $15.33 ,Conjunto Real Madrid nni–o,,,9/25/2025, $33.00 , $17.67 ,,,,,
7,8/28/2025,, $10.00 , $5.33 , $15.33 ,FC Barcelona Travis scott,,S,9/24/2025, $34.84 , $19.51 ,,,,,
7,8/28/2025,, $10.00 , $5.33 , $15.83 ,Monterrey visita,Berte,m,9/20/2025, $33.00 , $17.17 ,,,,,
7,8/28/2025,, $10.50 , $5.33 , $18.33 ,Monterrey Local,,m,9/20/2025, $33.00 , $14.67 ,,,,,
8,9/10/2025,, $8.80 , $4.11 , $12.91 ,Barcelona prepartido,,M,12/1/2025, $27.00 , $14.09 ,,,,,
8,9/10/2025,, $8.80 , $4.11 , $12.91 ,Barcelona prepartido,,L,11/28/2025, $27.33 , $14.42 ,,,,,
8,9/10/2025,, $8.80 , $4.11 , $12.91 ,Barcelona tercera equipacion,,XL,11/7/2025, $29.61 , $16.70 ,,,,,
8,9/10/2025,, $8.80 , $4.11 , $22.33 ,Chelsea Tercera,,M,11/6/2025, $35.49 , $13.16 ,,,,,
8,9/10/2025,, $8.80 , $4.11 , $12.91 ,America visita manga larga,,L,11/4/2025, $34.98 , $22.07 ,,,,,
8,9/10/2025,, $8.80 , $4.11 , $12.91 ,Holanda Total 90,,XL,10/31/2025, $27.17 , $14.26 ,,,,,
8,9/10/2025,, $8.80 , $4.11 , $12.91 ,Brazil Total 90,,L,10/29/2025, $40.36 , $27.45 ,,,,,
8,9/10/2025,, $8.80 , $4.11 , $12.91 ,Barcelona tercera equipacion,,L,10/16/2025, $29.88 , $16.97 ,,,,,
8,9/10/2025,, $8.80 , $4.11 , $12.91 ,Argentina 25/26,,M,10/15/2025, $37.00 , $24.09 ,,,,,
8,9/10/2025,, $8.80 , $4.11 , $12.91 ,Portugal,,M,10/15/2025, $37.00 , $24.09 ,,,,,
8,9/10/2025,, $22.33 , $-   , $12.91 ,America visitante mujer,,M,10/12/2025, $29.88 , $16.97 ,,,,,
8,9/10/2025,, $8.80 , $4.11 , $12.91 ,America visitante,,L,12/19/2025, $28.39 , $15.48 ,,,,,
8,9/10/2025,, $8.80 , $4.11 , $12.91 ,Barcelona tercera equipacion,,L,,,-$12.91 ,,,,,
8,9/10/2025,, $8.80 , $4.11 , $12.91 ,Barcelona tercera equipacion,,M,,,-$12.91 ,,,,,
8,9/10/2025,, $8.80 , $4.11 , $12.91 ,Chelsea Tercera,,L,1/31/2026, $22.90 , $9.99 ,,,,,
8,9/10/2025,, $8.80 , $4.11 , $12.91 ,Chelsea Tercera,,XL,12/10/2025, $30.28 , $17.37 ,,,,,
8,9/10/2025,, $8.80 , $4.11 , $12.91 ,Portugal total 90,,L,1/19/2025, $34.11 , $21.20 ,,,,,
8,9/10/2025,, $8.80 , $4.11 , $12.91 ,Portugal total 90,,XL,12/10/2025, $30.28 , $17.37 ,,,,,
9,9/20/2025,10/12/2025, $12.50 , $4.37 , $16.25 ,Real Madrid Alternativa 25-26 Version jugador,,L,10/31/2025, $32.17 , $15.92 ,,,,,
9,9/20/2025,10/12/2025, $12.50 , $4.37 , $16.25 ,Real Madrid Alternativa 25-26 Version jugador,,m,10/31/2025, $32.17 , $15.92 ,,,,,
9,9/20/2025,10/12/2025, $10.50 , $4.37 , $14.87 ,Cruz azul visitante 25/26,,2xl,10/23/2025, $26.89 , $12.02 ,,,,,
9,9/20/2025,10/12/2025, $11.88 , $4.37 , $16.87 ,NFL Steelers,Rodgers,L,10/15/2025, $37.64 , $20.77 ,,,,,
9,9/20/2025,10/12/2025, $11.88 , $4.37 , $16.87 ,NFL 49ers,Purdy,L,10/15/2025, $37.64 , $20.77 ,,,,,
9,9/20/2025,10/12/2025, $11.88 , $4.37 , $14.87 ,NFL GreenBay,Rodgers,L,10/15/2025, $37.64 , $22.77 ,,,,,
9,9/20/2025,10/12/2025, $10.50 , $4.37 , $16.25 ,Barcelona POLO,,L,10/15/2025, $26.89 , $10.64 ,,,,,
10,10/5/2025,, $13.00 , $8.33 , $21.33 ,Ac milan black,,2XL,11/29/2025,35.22, $13.89 ,,,,,
10,10/5/2025,, $13.00 , $8.33 , $21.33 ,FC Barcelona alternativa,Pedri,xl,11/6/2025,35.22, $13.89 ,,,,,
10,10/5/2025,, $10.50 , $8.33 , $18.83 ,NFL BRONCOS KID,,XL,11/3/2025,35.22, $16.39 ,,,,,
10,10/5/2025,, $10.50 , $8.33 , $20.33 ,NFL BRONCOS KID,,M,11/3/2025,35.22, $14.89 ,,,,,
10,10/5/2025,, $12.00 , $8.33 , $18.83 ,CR7 SET,,S,,8.2,-$10.63 ,,,,,
11,10/25/2025,, $10.50 , $5.50 , $16.00 ,NFL PACKERS,,L,11/19/2025,37.93, $21.93 ,,,,,
11,10/25/2025,, $10.50 , $5.50 , $16.00 ,NFL COWBOYS,,XL,11/19/2025,37.93, $21.93 ,,,,,
11,10/25/2025,, $10.50 , $5.50 , $16.00 ,NFL RAVENS,,L,11/19/2025,37.93, $21.93 ,,,,,
11,10/25/2025,, $13.00 , $5.50 , $18.50 ,CHIVAS,,M,11/19/2025,37.93, $19.43 ,,,,,
11,10/25/2025,, $12.00 , $5.50 , $17.50 ,FC BARCELONA,,L,11/19/2025,35.22, $17.72 ,,,,,
11,10/25/2025,, $12.00 , $5.50 , $17.50 ,CRUZ AZUL ALTERNATIVA,,L,11/18/2025,32.69, $15.19 ,,,,,
11,10/25/2025,, $12.00 , $5.50 , $17.50 ,CRUZ AZUL ALTERNATIVA,,L,11/18/2025,32.69, $15.19 ,,,,,
11,10/25/2025,, $12.00 , $5.50 , $17.50 ,CRUZ AZUL ALTERNATIVA,,XL,11/1/2025,32.69,32.69,,,,,
11,10/25/2025,, $12.00 , $5.50 , $17.50 ,CRUZ AZUL ALTERNATIVA,,XL,11/1/2025,32.69, $15.19 ,,,,,
12,10/15/2025,, $17.76 , $-   , $17.76 ,Conjunto NBA Curry,,XL,12/1/2025,32.69, $14.93 ,,,,,
13,12/3/2025,, $8.00 , $5.46 , $13.46 ,TIGRES,,L,1/8/2026,38.92, $25.46 ,,,,,
13,12/3/2025,, $14.00 , $5.46 , $19.46 ,NFL Seahawks,,S,1/8/2026,38.92, $19.46 ,,,,,
13,12/3/2025,, $8.00 , $5.46 , $13.46 ,CHIVAS,,M,1/8/2026,36.13, $22.67 ,,,,,
13,12/3/2025,, $8.00 , $5.46 , $13.46 ,CHIVAS,,L,1/22/2026,26.13, $12.67 ,,,,,
13,12/3/2025,, $8.00 , $5.46 , $13.46 ,CHIVAS,,XL,1/22/2026,26.13, $12.67 ,,,,,
13,12/3/2025,, $6.00 , $5.46 , $11.46 ,SHORT FC BARCELONA,,L,1/8/2026,33.35, $21.89 ,,,,,
13,12/3/2025,, $10.00 , $5.46 , $15.46 ,FC Barcelona 25-26 version jugador,,M,1/8/2026,36.13, $20.67 ,,,,,
13,12/3/2025,, $14.00 , $5.46 , $19.46 ,NFL RAVENS,,L,1/8/2026,38.92, $19.46 ,,,,,
13,12/3/2025,, $12.00 , $5.46 , $17.46 ,FC BARCELONA RETRO,,S,1/8/2026,38.92, $21.46 ,,,,,
13,12/3/2025,, $8.00 , $5.46 , $13.46 ,MEXICO,,M,,,-$13.46 ,,,,,
13,12/3/2025,, $8.00 , $5.46 , $13.46 ,MEXICO,,L,1/14/2026,34.07, $20.61 ,,,,,
13,12/3/2025,, $8.00 , $5.46 , $13.46 ,MEXICO,,L,1/14/2026,34.07, $20.61 ,,,,,
13,12/3/2025,, $8.00 , $5.46 , $13.46 ,MEXICO,,XL,,,-$13.46 ,,,,,
14,12/31/2025,, $8.00 , $6.12 , $14.12 ,Cruz azul local 25/26,,M,2/6/2026,31.82, $17.70 ,,,,,
14,12/31/2025,, $8.00 , $6.12 , $14.12 ,Cruz azul local 25/26,,L,1/27/2026,29.04, $14.92 ,,,,,
14,12/31/2025,, $8.00 , $6.12 , $14.12 ,Cruz azul local 25/26,,L,1/31/2026,28.63, $14.51 ,,,,,
14,12/31/2025,, $8.00 , $6.12 , $14.12 ,Cruz azul local 25/26,,XL,,,-$14.12 ,,,,,
14,12/31/2025,, $8.00 , $6.12 , $14.12 ,Cruz azul local 25/26,,XL,2/21/2026,32.1, $17.98 ,,,,,
14,12/31/2025,, $8.00 , $6.12 , $14.12 ,Cruz azul local 25/26,,XXL,2/21/2026,32.1, $17.98 ,,,,,
14,12/31/2025,, $8.00 , $6.12 , $14.12 ,Cruz azul local 25/26,,XXL,2/19/2026,32.1, $17.98 ,,,,,
14,12/31/2025,, $8.00 , $6.12 , $14.12 ,CRUZ AZUL ALTERNATIVA,,M,1/29/2026,27.59, $13.47 ,,,,,
14,12/31/2025,, $8.00 , $6.12 , $14.12 ,CRUZ AZUL ALTERNATIVA,,L,1/29/2026,27.59, $13.47 ,,,,,
14,12/31/2025,, $8.00 , $6.12 , $14.12 ,CRUZ AZUL ALTERNATIVA,,L,1/31/2026,28.63, $14.51 ,,,,,
14,12/31/2025,, $8.00 , $6.12 , $14.12 ,CRUZ AZUL ALTERNATIVA,,XL,1/29/2026,27.59, $13.47 ,,,,,
14,12/31/2025,, $8.00 , $6.12 , $14.12 ,CRUZ AZUL ALTERNATIVA,,XL,1/29/2026,27.59, $13.47 ,,,,,
14,12/31/2025,, $8.00 , $6.12 , $14.12 ,CRUZ AZUL ALTERNATIVA,,XXL,2/21/2026,31.58, $17.46 ,,,,,
14,12/31/2025,, $8.00 , $6.12 , $14.12 ,MEXICO,,M,,,-$14.12 ,,,,,
14,12/31/2025,, $8.00 , $6.12 , $14.12 ,MEXICO,,XL,,,-$14.12 ,,,,,
14,12/31/2025,, $8.00 , $6.12 , $14.12 ,MEXICO,,XXL,,,-$14.12 ,,,,,
14,12/31/2025,, $6.00 , $6.12 , $12.12 ,America 25-26 Version jugador,,M,2/6/2026,31.49, $19.37 ,,,,,
14,12/31/2025,, $6.00 , $6.12 , $12.12 ,America 25-26 Version jugador,,L,2/1/2026,0,-$12.12 ,,,,,
14,12/31/2025,, $6.00 , $6.12 , $12.12 ,America 25-26 Version jugador,,XL,2/2/2026,0,-$12.12 ,,,,,
14,12/31/2025,, $6.00 , $6.12 , $12.12 ,America 25-26 Version jugador,,XXL,2/11/2026,34.92, $22.80 ,,,,,
14,12/31/2025,, $6.00 , $6.12 , $12.12 ,Monterrey Local,,M,2/13/2026,29.18, $17.06 ,,,,,
14,12/31/2025,, $6.00 , $6.12 , $12.12 ,Monterrey Local,,L,1/31/2026,31.66, $19.54 ,,,,,
14,12/31/2025,, $6.00 , $6.12 , $12.12 ,Monterrey Local,,XL,2/18/2026,39.75, $27.63 ,,,,,
14,12/31/2025,, $6.00 , $6.12 , $12.12 ,TIGRES,,M,,,-$12.12 ,,,,,
14,12/31/2025,, $6.00 , $6.12 , $12.12 ,TIGRES,,L,,,-$12.12 ,,,,,
14,12/31/2025,, $6.00 , $6.12 , $12.12 ,TIGRES,,XL,,,-$12.12 ,,,,,
14,12/31/2025,, $6.00 , $6.12 , $12.12 ,CHIVAS,,M,1/26/2026,31.66, $19.54 ,,,,,
14,12/31/2025,, $6.00 , $6.12 , $12.12 ,CHIVAS,,XXL,2/12/2026,29.1, $16.98 ,,,,,
15,1/18/2026,, $18.00 , $5.71 , $23.71 ,NFL PATS,,S,2/1/2026,39.75, $16.04 ,,,,,
15,1/18/2026,, $18.00 , $5.71 , $23.71 ,NFL Steelers,,XL,2/1/2026,39.75, $16.04 ,,,,,
15,1/18/2026,, $18.00 , $5.71 , $23.71 ,NFL Steelers,,L,2/1/2026,39.75, $16.04 ,,,,,
15,1/18/2026,, $8.00 , $5.71 , $13.71 ,Monterrey Local,,L,2/1/2026,39.75, $26.04 ,,,,,
15,1/18/2026,, $18.00 , $5.71 , $23.71 ,NFL pats,,L,,,-$23.71 ,,,,,
15,1/18/2026,, $6.00 , $5.71 , $11.71 ,MEXICO,,L,,,-$11.71 ,,,,,
15,1/18/2026,, $6.00 , $5.71 , $11.71 ,MEXICO,,L,,,-$11.71 ,,,,,
15,1/18/2026,, $6.00 , $5.71 , $11.71 ,MEXICO,,L,,,-$11.71 ,,,,,
15,1/18/2026,, $6.00 , $5.71 , $11.71 ,Barcelona 4th,,L,,,-$11.71 ,,,,,
15,1/18/2026,, $8.00 , $5.71 , $13.71 ,Barcelona 4th,,M,,,-$13.71 ,,,,,
15,1/18/2026,, $8.00 , $5.71 , $13.71 ,Barcelona 4th,,L,,,-$13.71 ,,,,,
15,1/18/2026,, $11.00 , $5.71 , $16.71 ,Barcelona 4th,,L,2/1/2026,39.75, $23.04 ,,,,,
15,1/18/2026,, $12.00 , $5.71 , $17.71 ,Barcelona 2019/20,,L,2/1/2026,39.75, $22.04 ,,,,,
16,1/31/2026,,,, $11.19 ,Chivas,,M,2/5/2026,31.66, $20.47 ,,,,,
16,1/31/2026,,,, $11.19 ,Chivas,,L,2/6/2026,31.66, $20.47 ,,,,,
17,2/5/2026,,,, $11.19 ,Rayados Local,,L,2/1/2026,29.01, $17.82 ,,,,,
17,2/5/2026,,,, $11.19 ,Rayados visita,,L,2/1/2026,34.81, $23.62 ,,,,,
19,2/6/2026,,,, $15.06 ,CHIVAS,,M,2/21/2026,32.1, $17.04 ,,,,,
19,2/6/2026,,,, $15.06 ,CHIVAS,,M,2/25/2026,32.05, $16.99 ,,,,,
19,2/6/2026,,,, $15.06 ,CHIVAS,,L,,,-$15.06 ,,,,,
19,2/6/2026,,,, $15.06 ,CHIVAS,,L,,,-$15.06 ,,,,,
19,2/6/2026,,,, $15.06 ,CHIVAS,,XL,,,-$15.06 ,,,,,
,,,,,,,,,,,,,,,,
,,,,,15.06537023,,,,,,,,,,,
